"display_name","player_id","rookie_year","pro_fr_id"
"Desmond Clark","00-0003035",NA,NA
"Brian Finneran","00-0005231",NA,NA
"Joey Galloway","00-0005720",NA,NA
"Reggie Kelly","00-0009119",NA,NA
"Jimmy Kleinsasser","00-0009323",NA,NA
"Derrick Mason","00-0010500",NA,NA
"Terrell Owens","00-0012478",NA,NA
"Mike Sellers","00-0014655",NA,NA
"Hines Ward","00-0017162",NA,NA
"Anthony Becht","00-0019457",NA,NA
"Alge Crumpler","00-0020285",NA,NA
"David Martin","00-0020332",NA,NA
"Brandon Manumaleuna","00-0020342",NA,NA
"T.J. Houshmandzadeh","00-0020438",NA,NA
"Chris Chambers","00-0020446",NA,NA
"Donte' Stallworth","00-0021147",NA,NA
"Jeremy Shockey","00-0021148",NA,NA
"Daniel Graham","00-0021154",NA,NA
"Jerramy Stevens","00-0021159",NA,NA
"Chris Baker","00-0021213",NA,NA
"Justin Peelle","00-0021227",NA,NA
"Robert Royal","00-0021273",NA,NA
"John Gilmore","00-0021304",NA,NA
"Greg Lewis","00-0021508",NA,NA
"Antonio Gates","00-0021547",2003,NA
"Kassim Osgood","00-0021570",NA,NA
"Jerheme Urban","00-0021647",NA,NA
"Will Heller","00-0021756",NA,NA
"Sam Aiken","00-0021915",NA,NA
"Donald Lee","00-0021929",NA,NA
"Justin Gage","00-0021982",NA,NA
"Kevin Curtis","00-0022001",NA,NA
"Arnaz Battle","00-0022064",NA,NA
"Bryant Johnson","00-0022156",NA,NA
"Kelley Washington","00-0022171",NA,NA
"Terrance Copper","00-0022388",NA,NA
"Malcom Floyd","00-0022414",NA,NA
"Ruvell Martin","00-0022421",NA,NA
"Wes Welker","00-0022427",NA,NA
"Kris Wilson","00-0022714",NA,NA
"Michael Clayton","00-0022725",NA,NA
"Keary Colbert","00-0022726",NA,NA
"Jeff Dugan","00-0022746",NA,NA
"Patrick Crayton","00-0022766",NA,NA
"Bernard Berrian","00-0022807",NA,NA
"Ben Hartsock","00-0022847",NA,NA
"Ernest Wilford","00-0022901",NA,NA
"Roy Williams","00-0022909",NA,NA
"Lee Evans","00-0022910",NA,NA
"Stephen Spach","00-0023108",NA,NA
"Josh Cribbs","00-0023176",NA,NA
"Tory Humphrey","00-0023210",NA,NA
"Lance Moore","00-0023310",NA,NA
"Nate Washington","00-0023367",NA,NA
"Greg Camarillo","00-0023408",NA,NA
"Rashied Davis","00-0023429",NA,NA
"Mike Williams","00-0023452",NA,NA
"Mark Clayton","00-0023457",NA,NA
"Roscoe Parrish","00-0023490",NA,NA
"Courtney Roby","00-0023503",NA,NA
"Alex Smith","00-0023506",NA,NA
"Roydell Williams","00-0023570",NA,NA
"Bo Scaife","00-0023612",NA,NA
"Billy Bajema","00-0023679",NA,NA
"Daniel Fells","00-0023752",NA,NA
"Brian Clark","00-0023790",NA,NA
"Darcy Johnson","00-0023797",NA,NA
"Miles Austin","00-0023921",2006,NA
"Sam Hurd","00-0023953",NA,NA
"Micheal Spurlock","00-0023968",NA,NA
"Hank Baskett","00-0024013",NA,NA
"Leonard Pope","00-0024287",NA,NA
"Derek Hagan","00-0024297",NA,NA
"David Thomas","00-0024301",NA,NA
"Maurice Stovall","00-0024305",NA,NA
"Garrett Mills","00-0024321",NA,NA
"Demetrius Williams","00-0024326",NA,NA
"David Anderson","00-0024465",NA,NA
"Gijon Robinson","00-0024529",NA,NA
"Eric Weems","00-0024535",2007,NA
"Daniel Coats","00-0024607",NA,NA
"Jesse Holley","00-0024609",NA,NA
"Dominique Zeigler","00-0024687",NA,NA
"Matt Willis","00-0024756",NA,NA
"Craig Davis","00-0025417",NA,NA
"Anthony Gonzalez","00-0025419",NA,NA
"Dwayne Jarrett","00-0025432",NA,NA
"Yamon Figurs","00-0025461",NA,NA
"Jason Hill","00-0025463",NA,NA
"Matt Spaeth","00-0025464",NA,NA
"Mike Sims-Walker","00-0025466",NA,NA
"Johnnie Lee Higgins","00-0025486",NA,NA
"Isaiah Stanback","00-0025490",NA,NA
"David Clowney","00-0025544",NA,NA
"Legedu Naanee","00-0025559",NA,NA
"Ben Patrick","00-0025602",NA,NA
"Chansi Stuckey","00-0025622",NA,NA
"Jonathan Stupar","00-0025864",NA,NA
"Darius Reynaud","00-0025951",NA,NA
"Davone Bess","00-0026000",NA,NA
"Matthew Mulligan","00-0026008",NA,NA
"Taj Smith","00-0026032",NA,NA
"Gary Banks","00-0026056",NA,NA
"Evan Moore","00-0026123",NA,NA
"Devin Thomas","00-0026174",NA,NA
"Martin Rucker","00-0026251",NA,NA
"Paul Hubbard","00-0026331",NA,NA
"Brett Swain","00-0026357",NA,NA
"Steve Johnson","00-0026364",NA,NA
"Adrian Arrington","00-0026377",NA,NA
"Anthony Armstrong","00-0026465",NA,NA
"Stefan Logan","00-0026491",NA,NA
"Nick Miller","00-0026536",NA,NA
"Marcus Thigpen","00-0026577",2009,NA
"Zach Potter","00-0026658",NA,NA
"John Matthews","00-0026665",NA,NA
"Colin Cloherty","00-0026669",NA,NA
"Chris Williams","00-0026691",NA,NA
"Kevin Brock","00-0026699",NA,NA
"Quan Cosby","00-0026716",NA,NA
"Jordan Norwood","00-0026739",2009,NA
"Charly Martin","00-0026753",NA,NA
"Kory Sperry","00-0026757",NA,NA
"Kevin Ogletree","00-0026780",NA,NA
"Ryan Purvis","00-0026804",NA,NA
"Tom Crabtree","00-0026878",NA,NA
"Anthony Hill","00-0026908",NA,NA
"Sammie Stroughter","00-0026953",NA,NA
"Cameron Morrah","00-0026963",NA,NA
"Brian Robiskie","00-0027012",NA,NA
"Richard Quinn","00-0027040",NA,NA
"Derrick Williams","00-0027056",NA,NA
"Patrick Turner","00-0027059",NA,NA
"Deon Butler","00-0027063",NA,NA
"Chase Coffman","00-0027069",NA,NA
"Shawn Nelson","00-0027088",NA,NA
"Jarett Dillard","00-0027105",NA,NA
"Manuel Johnson","00-0027149",NA,NA
"Jake O'Connell","00-0027154",NA,NA
"Tiquan Underwood","00-0027156",NA,NA
"Dan Gronkowski","00-0027157",NA,NA
"Chad Hall","00-0027188",NA,NA
"Michael Palmer","00-0027202",NA,NA
"Logan Paulsen","00-0027215",2010,NA
"Naaman Roosevelt","00-0027220",NA,NA
"Jake Ballard","00-0027259",NA,NA
"Duke Calhoun","00-0027261",NA,NA
"Victor Cruz","00-0027265",2010,NA
"Jeremy Horne","00-0027308",NA,NA
"Jeff Cumberland","00-0027321",2010,NA
"David Nelson","00-0027322",NA,NA
"Stephen Williams","00-0027349",NA,NA
"Max Komar","00-0027352",NA,NA
"Marlon Moore","00-0027356",NA,NA
"Roberto Wallace","00-0027358",NA,NA
"Verran Tucker","00-0027429",NA,NA
"Chastin West","00-0027441",NA,NA
"Jeron Mastrud","00-0027445",NA,NA
"Preston Parker","00-0027450",2010,NA
"Brandon James","00-0027470",NA,NA
"Blair White","00-0027477",NA,NA
"Mike Caussin","00-0027500",NA,NA
"Donald Jones","00-0027518",NA,NA
"Seyi Ajirotutu","00-0027581",NA,NA
"Richie Brockel","00-0027583",2010,NA
"Richard Goodman","00-0027585",NA,NA
"Bryan Walters","00-0027595",NA,NA
"Trindon Holliday","00-0027606",NA,NA
"Kyle Williams","00-0027608",NA,NA
"Armanti Edwards","00-0027692",NA,NA
"Taylor Price","00-0027693",NA,NA
"Mardy Gilyard","00-0027700",NA,NA
"Marcus Easley","00-0027708",NA,NA
"Andrew Quarless","00-0027753",NA,NA
"David Reed","00-0027755",NA,NA
"Brody Eldridge","00-0027761",NA,NA
"Kerry Meier","00-0027764",NA,NA
"Fendi Onobun","00-0027769",NA,NA
"Carlton Mitchell","00-0027776",NA,NA
"Nate Byham","00-0027780",NA,NA
"Anthony McCoy","00-0027783",NA,NA
"Mickey Shuler","00-0027809",2010,NA
"Terrence Austin","00-0027813",NA,NA
"Marc Mariani","00-0027816",2010,NA
"Dorin Dickerson","00-0027819",NA,NA
"Jim Dray","00-0027825",2010,NA
"Dedrick Epps","00-0027827",NA,NA
"Tim Tebow","00-0027876",2010,NA
"Danario Alexander","00-0027912",NA,NA
"Andrew Hawkins","00-0027918",2011,NA
"Emmanuel Arceneaux","00-0027920",NA,NA
"Jon Baldwin","00-0027964",NA,NA
"Rob Housler","00-0028007",NA,NA
"Kris Durham","00-0028045",NA,NA
"Clyde Gates","00-0028049",NA,NA
"Kealoha Pilares","00-0028070",NA,NA
"Ryan Whalen","00-0028105",NA,NA
"Richard Gordon","00-0028119",NA,NA
"Ryan Taylor","00-0028156",NA,NA
"Stephen Burton","00-0028174",NA,NA
"DeMarco Sampson","00-0028187",NA,NA
"Konrad Reuland","00-0028238",NA,NA
"Joe Hastings","00-0028242",NA,NA
"Jeremy Ross","00-0028249",2011,NA
"Andre Holmes","00-0028263",2011,NA
"Allen Reisner","00-0028267",NA,NA
"Weslye Saunders","00-0028270",NA,NA
"LaQuan Williams","00-0028288",NA,NA
"Josh Baker","00-0028291",NA,NA
"Michael Campbell","00-0028293",NA,NA
"Collin Franklin","00-0028295",NA,NA
"Drew Davis","00-0028307",NA,NA
"Kyle Adams","00-0028337",NA,NA
"Kris Adams","00-0028338",NA,NA
"Dane Sanzenbacher","00-0028352",NA,NA
"Michael Preston","00-0028362",NA,NA
"Armon Binns","00-0028400",NA,NA
"Tommy Gallarda","00-0028406",NA,NA
"Jamar Newsome","00-0028417",NA,NA
"Doug Baldwin","00-0028434",2011,NA
"Ricardo Lockette","00-0028442",NA,NA
"Kamar Aiken","00-0028497",2011,NA
"Zack Pianalto","00-0028509",NA,NA
"Mike Higgins","00-0028522",NA,NA
"Joseph Morgan","00-0028532",2011,NA
"Lestar Jean","00-0028542",NA,NA
"Colin Cochart","00-0028550",NA,NA
"Tori Gurley","00-0028596",NA,NA
"Kerry Taylor","00-0028606",NA,NA
"David Gilreath","00-0028646",NA,NA
"Mike McNeill","00-0028651",NA,NA
"Chris Matthews","00-0028702",2011,NA
"Kevin Cone","00-0028792",NA,NA
"Terrelle Pryor","00-0028825",2011,NA
"Larry Donnell","00-0028838",2012,NA
"Hayden Smith","00-0028842",NA,NA
"Gerell Robinson","00-0028892",NA,NA
"Garrett Celek","00-0028903",2012,NA
"Chris Owusu","00-0028905",NA,NA
"Nathan Palmer","00-0028906",NA,NA
"Josh Cooper","00-0028930",NA,NA
"Cory Harkey","00-0028958",2012,NA
"Brian Tyms","00-0028984",NA,NA
"Phillip Supernaw","00-0028987",2012,NA
"Dominique Jones","00-0028994",NA,NA
"Saalim Hakim","00-0029006",NA,NA
"Griff Whalen","00-0029033",2012,NA
"Jarrett Boykin","00-0029051",NA,NA
"Kevin Elliott","00-0029055",NA,NA
"Bradley Sowell","00-0029091",2012,NA
"Eric Page","00-0029098",NA,NA
"Derek Moye","00-0029108",NA,NA
"Rod Streater","00-0029129",2012,NA
"Mike Brown","00-0029155",NA,NA
"Jermaine Kearse","00-0029159",2012,NA
"Danny Noble","00-0029183",NA,NA
"Toney Clemons","00-0029204",NA,NA
"David Paulson","00-0029218",NA,NA
"Pat Edwards","00-0029227",NA,NA
"Devon Wylie","00-0029274",NA,NA
"Evan Rodriguez","00-0029276",NA,NA
"Adrien Robinson","00-0029281",NA,NA
"Tommy Streeter","00-0029300",NA,NA
"Junior Hemingway","00-0029311",NA,NA
"Brad Smelley","00-0029315",NA,NA
"Josh Bellamy","00-0029319",2012,NA
"Brittan Golden","00-0029336",2012,NA
"LaRon Byrd","00-0029343",NA,NA
"Julian Talley","00-0029367",NA,NA
"Deonte Thompson","00-0029388",2012,NA
"Sean McGrath","00-0029391",2012,NA
"Brenton Bersin","00-0029394",2012,NA
"Marvin McNutt","00-0029424",NA,NA
"Chase Ford","00-0029432",2012,NA
"De'Andre Presley","00-0029463",NA,NA
"Joe Anderson","00-0029494",NA,NA
"Cooper Helfet","00-0029534",2012,NA
"Jeremy Ebert","00-0029552",NA,NA
"Taylor Thompson","00-0029590",NA,NA
"Brandon Bostick","00-0029601",2012,NA
"James Hanna","00-0029634",2012,NA
"Jordan White","00-0029642",NA,NA
"Josh Gordon","00-0029664",2012,NA
"Ifeanyi Momah","00-0029740",2013,NA
"Brian Leonhardt","00-0029755",NA,NA
"Darius Johnson","00-0029778",NA,NA
"Brandon Williams","00-0029793",2013,NA
"Nick Williams","00-0029848",2013,NA
"Lamaar Thomas","00-0029856",NA,NA
"Skye Dawson","00-0029868",NA,NA
"MarQueis Gray","00-0029878",2013,NA
"Joseph Fauria","00-0029883",2013,NA
"Timothy Wright","00-0029910",2013,NA
"Rodney Smith","00-0029934",2013,NA
"Zach Sudfeld","00-0029999",NA,NA
"Kenbrell Thompkins","00-0030000",2013,NA
"Da'Rick Rogers","00-0030043",NA,NA
"Corey Fuller","00-0030095",2013,NA
"Michael Williams","00-0030110",NA,NA
"Kevin Dorsey","00-0030116",NA,NA
"B.J. Daniels","00-0030120",2013,NA
"Justice Cunningham","00-0030129",NA,NA
"Russell Shepard","00-0030147",2013,NA
"Frankie Hammond","00-0030154",2013,NA
"Rico Richardson","00-0030162",NA,NA
"Ryan Spadola","00-0030175",2013,NA
"Rashad Ross","00-0030187",2013,NA
"Jake Stoneburner","00-0030272",NA,NA
"Myles White","00-0030274",2013,NA
"Jaron Brown","00-0030300",2013,NA
"Greg Jenkins","00-0030370",NA,NA
"Marlon Brown","00-0030400",2013,NA
"Justin Brown","00-0030466",NA,NA
"Jordan Thompson","00-0030647",NA,NA
"Jonathan Krause","00-0030659",2014,NA
"Bennie Fowler","00-0030670",2014,NA
"Isaiah Burse","00-0030671",2014,NA
"Jeremy Butler","00-0030691",2014,NA
"Freddie Martino","00-0030737",2014,NA
"Bernard Reedy","00-0030743",2014,NA
"Justin Perillo","00-0030758",NA,NA
"Ryan Hewitt","00-0030780",2014,NA
"Brandon Coleman","00-0030801",2014,NA
"Je'Ron Hamm","00-0030805",2014,NA
"Nic Jacobs","00-0030806",NA,NA
"Seantavius Jones","00-0030807",2014,NA
"Allen Hurns","00-0030821",2014,NA
"Marcel Jensen","00-0030822",NA,NA
"Asante Cleveland","00-0030832",2014,NA
"Solomon Patton","00-0030839",NA,NA
"Erik Swoope","00-0030854",2014,NA
"Tony Washington","00-0030856",2014,NA
"Gator Hoskins","00-0030865",NA,NA
"Corey Washington","00-0030897",2014,NA
"Javontee Herndon","00-0030920",2014,NA
"Xavier Grimble","00-0031035",2014,NA
"Corey Brown","00-0031118",2014,NA
"Seth Roberts","00-0031166",2014,NA
"Scott Simonson","00-0031167",2014,NA
"Taylor Gabriel","00-0031228",2014,NA
"Walt Powell","00-0031268",2014,NA
"Kevin Smith","00-0031320",NA,NA
"Kevin Norwood","00-0031327",2014,NA
"Jerome Cunningham","00-0031462",2014,NA
"DeAndrew White","00-0031511",2015,NA
"Quan Bray","00-0031514",2015,NA
"Randall Telfer","00-0031533",2015,NA
"Shane Wynn","00-0031684",2015,NA
"Jordan Taylor","00-0031697",2015,NA
"Connor Hamlett","00-0031732",2015,NA
"Matt LaCosse","00-0031744",2015,NA
"Lucky Whitehead","00-0031757",2015,NA
"Eli Rogers","00-0031782",2015,NA
"Matt Lengel","00-0031788",2015,NA
"Jordan Leslie","00-0031801",2015,NA
"Tyler Murphy","00-0031816",NA,NA
"Bradley Marquez","00-0031818",2015,NA
"Larry Pinkard","00-0031834",2015,NA
"Chris Harper","00-0031854",2015,NA
"Gabe Holmes","00-0031884",2015,NA
"Cameron Meredith","00-0031912",2015,NA
"Khari Lee","00-0031922",2015,NA
"Chandler Worthy","00-0031932",NA,NA
"E.J. Bibbs","00-0031968",2015,NA
"Darius Jennings","00-0031972",2015,NA
"Ben Edwards","00-0032001",NA,NA
"Will Tye","00-0032004",2015,NA
"Donteea Dye","00-0032008",2015,NA
"Isaac Fruechte","00-0032012",2015,NA
"Andrew Turzilli","00-0032045",2015,NA
"Dezmin Lewis","00-0032070",2015,NA
"Brian Parker","00-0032089",2015,NA
"Gerald Christian","00-0032190",2015,NA
"Kasen Williams","00-0032250",2015,NA
"Ross Travis","00-0032319",2016,NA
"Maurice Harris","00-0032362",2016,NA
"DeMarcus Ayers","00-0032365",2016,NA
"Malcolm Mitchell","00-0032400",2016,NA
"Tanner McEvoy","00-0032475",2016,NA
"Bralon Addison","00-0032482",2016,NA
"Hakeem Valles","00-0032508",2016,NA
"Braedon Bowman","00-0032515",2016,NA
"Henry Krieger-Coble","00-0032523",2016,NA
"Cole Wick","00-0032562",2016,NA
"Joshua Perkins","00-0032599",2016,NA
"Geronimo Allison","00-0032626",2016,NA
"David Grinnage","00-0032634",2016,NA
"Ryan Malleck","00-0032650",2016,NA
"Darius Powe","00-0032656",2016,NA
"Roger Lewis","00-0032659",2016,NA
"Ben Braunecker","00-0032661",2016,NA
"Paul McRoberts","00-0032679",2016,NA
"Jalin Marshall","00-0032694",2016,NA
"Ed Eagan","00-0032705",2016,NA
"Andy Jones","00-0032707",2016,NA
"Bryce Treggs","00-0032724",2016,NA
"Tevin Jones","00-0032728",2016,NA
"Wendall Williams","00-0032739",2016,NA
"Alan Cross","00-0032745",2016,NA
"Daniel Braverman","00-0032801",2016,NA
"Hunter Sharp","00-0032839",2016,NA
"Paul Turner","00-0032841",2016,NA
"Alex Ellis","00-0032864",2016,NA
"Tommylee Lewis","00-0032881",2016,NA
"K.J. Brent","00-0032926",2016,NA
"Johnny Holton","00-0032935",2016,NA
"Max McCaffrey","00-0032937",2016,NA
"Duke Williams","00-0032945",2016,NA
"Jordan Payton","00-0032974",2016,NA
"Austin Traylor","00-0033043",2016,NA
"Marquis Bundy","00-0033087",2016,NA
"Cyril Grayson","00-0033215",2017,NA
"JoJo Natson","00-0033266",2017,NA
"Victor Bolden","00-0033306",2017,NA
"Cole Hikutini","00-0033315",2017,NA
"Michael Clark","00-0033352",2017,NA
"Tim White","00-0033379",2017,NA
"Austin Carr","00-0033382",2017,NA
"Cody Hollister","00-0033386",2017,NA
"Bobo Wilson","00-0033434",2017,NA
"Keon Hatcher","00-0033441",2017,NA
"Isaac Whitney","00-0033449",2017,NA
"Gehrig Dieter","00-0033474",2017,NA
"Emanuel Byrd","00-0033514",2017,NA
"Krishawn Hogan","00-0033604",2017,NA
"Jason Croom","00-0033627",2017,NA
"Tanner Gentry","00-0033633",2017,NA
"Sean Culkin","00-0033696",2017,NA
"Andre Patton","00-0033705",2017,NA
"Travis Rudolph","00-0033717",2017,NA
"Tyrone Swoopes","00-0033742",2017,NA
"Riley McCarron","00-0033773",2017,NA
"Chris Thompson","00-0033855",2017,NA
"Fred Brown","00-0033994",2017,NA
"Rashard Davis","00-0034034",2017,NA
"River Cracraft","00-0034054",2017,NA
"Steven Mitchell","00-0034081",2018,NA
"Matt Flanagan","00-0034101",2018,NA
"Marcus Baugh","00-0034169",2018,NA
"Kevin Rader","00-0034193",2018,NA
"Jeff Badet","00-0034207",2018,NA
"Da'Mari Scott","00-0034256",2018,NA
"Derrick Willies","00-0034258",2018,NA
"Keith Kirkwood","00-0034317",2018,NA
"Deon Yelder","00-0034319",2018,NA
"Jalen Tolliver","00-0034489",2018,NA
"Jawill Davis","00-0034499",2018,NA
"Robert Foster","00-0034510",2018,NA
"Cam Phillips","00-0034512",2018,NA
"Jordan Franks","00-0034532",2018,NA
"J.J. Jones","00-0034560",2018,NA
"David Wells","00-0034575",2018,NA
"Chris Lacy","00-0034593",2018,NA
"Tanner Hudson","00-0034613",2018,NA
"Vyncint Smith","00-0034631",2018,NA
"Brandon Powell","00-0034646",2018,NA
"Cameron Batson","00-0034652",2018,NA
"Deontay Burnett","00-0034653",2018,NA
"Rico Gafford","00-0034660",2018,NA
"Ethan Wolf","00-0034672",2018,NA
"John Franklin","00-0034705",2018,NA
"Darvin Kidsy","00-0034710",2018,NA
"Codey McElroy","00-0034735",2018,NA
"Jaeden Graham","00-0034788",2018,NA
"KhaDarel Hodge","00-0034854",2018,NA
"Malik Turner","00-0034867",2018,NA
"Ishmael Hyman","00-0034922",2019,NA
"Andrew Beck","00-0034959",2019,NA
"Hale Hentges","00-0035025",2019,NA
"Stephen Carlson","00-0035039",2019,NA
"D.J. Montgomery","00-0035045",2019,NA
"Davion Davis","00-0035101",2019,NA
"Alexander Hollins","00-0035104",2019,NA
"Keelan Doss","00-0035120",2019,NA
"Antoine Wesley","00-0035126",2019,NA
"Cody Thompson","00-0035164",2019,NA
"Darrius Shepherd","00-0035181",2019,NA
"Trenton Irwin","00-0035341",2019,NA
"Chris Myarick","00-0035345",2019,NA
"Tyree Jackson","00-0035356",2019,NA
"David Sills","00-0035359",2019,NA
"Michael Walker","00-0035374",2019,NA
"Damion Willis","00-0035401",2019,NA
"Daniel Helm","00-0035428",2019,NA
"Jason Moore","00-0035432",2019,NA
"Greg Dortch","00-0035500",2019,NA
"Tom Kennedy","00-0035544",2019,NA
"Ventell Bryant","00-0035548",2019,NA
"Charles Jones","00-0035553",2019,NA
"Jesper Horsted","00-0035562",2019,NA
"Parker Hesse","00-0035572",2019,NA
"Alex Bachman","00-0035602",2019,NA
"Kendall Blanton","00-0035603",2019,NA
"Mitchell Wilcox","00-0035771",2020,NA
"Kirk Merritt","00-0035844",2020,NA
"DeMichael Harris","00-0035848",2020,NA
"Austin Mack","00-0035869",2020,NA
"Andre Baccellia","00-0035876",2020,NA
"Maurice Ffrench","00-0035883",2020,NA
"Cody White","00-0035891",2020,NA
"Trishton Jackson","00-0035934",2020,NA
"Giovanni Ricci","00-0035956",2020,NA
"Noah Togiai","00-0036005",2020,NA
"Hunter Bryant","00-0036008",2020,NA
"Sean McKeon","00-0036032",2020,NA
"Tyler Mabry","00-0036059",2020,NA
"Easop Winston","00-0036080",2020,NA
"Isaiah Zuber","00-0036100",2020,NA
"Ja'Marcus Bradley","00-0036110",2020,NA
"Lawrence Cager","00-0036145",2020,NA
"Tommy Hudson","00-0036173",2020,NA
"Mason Kinsey","00-0036176",2020,NA
"Kristian Wilkerson","00-0036183",2020,NA
"Tarik Black","00-0036491",2021,NA
"Tim Jones","00-0036497",2021,NA
"Kenny Yeboah","00-0036510",2021,NA
"D.J. Turner","00-0036527",2021,NA
"Shane Zylstra","00-0036534",2021,NA
"Quintin Morris","00-0036590",2021,NA
"Miller Forristall","00-0036692",2021,NA
"Brock Wright","00-0036754",2021,NA
"Cade Johnson","00-0036810",2021,NA
"Feleipe Franks","00-0036825",2021,NA
"Austin Trammell","00-0036841",2021,NA
"C.J. Saunders","00-0036910",2021,NA
"Michael Bandy","00-0036959",2021,NA
"Mike Woods","00-0037300",2022,NA
"Tanner Conner","00-0037348",2022,NA
"Kwamie Lassiter","00-0037420",2022,NA
"Rod Williams","00-0037451",2022,NA
"Maurice Alexander","00-0037708",2022,NA
"Kavontae Turpin","00-0037801",2022,NA
"Josh Ali","00-0038149",2022,NA
"Ben Sims","00-0038809",2023,NA
